,Код,Наименование,Район,Улица,Дом,Широта,Долгота,text
6752,641.0,город Екатеринбург,Кировский район,Ул. Превомайская,71Б литер А,56.845966,60.636661,город Екатеринбург<br>Район: Кировский район<br>Улица: Ул. Превомайская
6753,641.0,город Екатеринбург,Кировский район,Ботаническая,17,56.848363,60.6462,город Екатеринбург<br>Район: Кировский район<br>Улица: Ботаническая
6754,641.0,город Екатеринбург,Кировский район,Норильская,77,56.883172,60.680526,город Екатеринбург<br>Район: Кировский район<br>Улица: Норильская
6755,641.0,город Екатеринбург,Кировский район,Ул. Блюхера,95,56.864052,60.665842,город Екатеринбург<br>Район: Кировский район<br>Улица: Ул. Блюхера
6756,641.0,город Екатеринбург,Кировский район,Уральская,74,56.853113,60.637192,город Екатеринбург<br>Район: Кировский район<br>Улица: Уральская
6757,641.0,город Екатеринбург,Кировский район,Пр. Ленина,69/10,56.841101,60.622614,город Екатеринбург<br>Район: Кировский район<br>Улица: Пр. Ленина
6759,641.0,город Екатеринбург,Кировский район,Изоплитная,15,56.868368,60.736385,город Екатеринбург<br>Район: Кировский район<br>Улица: Изоплитная
6760,641.0,город Екатеринбург,Кировский район,В. Высоцкого,14,56.841991,60.681564,город Екатеринбург<br>Район: Кировский район<br>Улица: В. Высоцкого
6762,641.0,город Екатеринбург,Кировский район,Комсомольская,76,56.835208,60.661182,город Екатеринбург<br>Район: Кировский район<br>Улица: Комсомольская
6763,641.0,город Екатеринбург,Кировский район,Блюхера,47,56.854302,60.645535,город Екатеринбург<br>Район: Кировский район<br>Улица: Блюхера
6764,641.0,город Екатеринбург,Кировский район,Данилы Зверева 17Б / Сулимова 4,"17 Б, 4",56.862621,60.652372,город Екатеринбург<br>Район: Кировский район<br>Улица: Данилы Зверева 17Б / Сулимова 4
6765,641.0,город Екатеринбург,Кировский район,Смазчиков,2А,56.85889,60.6215,город Екатеринбург<br>Район: Кировский район<br>Улица: Смазчиков
6766,641.0,город Екатеринбург,Кировский район,Ул. Новгородцевой,7 В,56.835188,60.671945,город Екатеринбург<br>Район: Кировский район<br>Улица: Ул. Новгородцевой
6767,641.0,город Екатеринбург,Кировский район,Советская,1,56.850344,60.626315,город Екатеринбург<br>Район: Кировский район<br>Улица: Советская
7264,641.0,город Екатеринбург,Кировский район,Библиотечная,27,56.833683,60.650443,город Екатеринбург<br>Район: Кировский район<br>Улица: Библиотечная
7266,641.0,город Екатеринбург,Кировский район,Советская,62,56.858227,60.648159,город Екатеринбург<br>Район: Кировский район<br>Улица: Советская
7267,641.0,город Екатеринбург,Кировский район,Ул. Ботаническая,17,56.848406,60.644636,город Екатеринбург<br>Район: Кировский район<br>Улица: Ул. Ботаническая
7277,641.0,город Екатеринбург,Кировский район,Малышева,127,56.8414,60.6574,город Екатеринбург<br>Район: Кировский район<br>Улица: Малышева
7279,641.0,город Екатеринбург,Кировский район,Июльская,19,56.8589,60.6412,город Екатеринбург<br>Район: Кировский район<br>Улица: Июльская
7280,641.0,город Екатеринбург,Кировский район,Учителей,2б,56.8586,60.6323,город Екатеринбург<br>Район: Кировский район<br>Улица: Учителей
7281,641.0,город Екатеринбург,Кировский район,Уральская,67,56.854891,60.637044,город Екатеринбург<br>Район: Кировский район<br>Улица: Уральская
7282,641.0,город Екатеринбург,Кировский район,Ул. Мира,1а,56.8533,60.6483,город Екатеринбург<br>Район: Кировский район<br>Улица: Ул. Мира
7283,641.0,город Екатеринбург,Кировский район,Пер. Автоматики,2 литер Ж,56.850183,60.667038,город Екатеринбург<br>Район: Кировский район<br>Улица: Пер. Автоматики
7284,641.0,город Екатеринбург,Кировский район,Сиреневый Бульвар,2А,56.8342,60.6839,город Екатеринбург<br>Район: Кировский район<br>Улица: Сиреневый Бульвар
7288,641.0,город Екатеринбург,Кировский район,Сыромолотова,22,56.834151,60.680927,город Екатеринбург<br>Район: Кировский район<br>Улица: Сыромолотова
7292,641.0,город Екатеринбург,Кировский район,Сиреневый Бульвар,2,56.8342,60.6828,город Екатеринбург<br>Район: Кировский район<br>Улица: Сиреневый Бульвар
7294,641.0,город Екатеринбург,Кировский район,Ново-Свердловской ТЭЦ,Участок 45 лит 2,56.8398,60.8589,город Екатеринбург<br>Район: Кировский район<br>Улица: Ново-Свердловской ТЭЦ
7296,641.0,город Екатеринбург,Кировский район,Комсомольская,6 Е,56.85438,60.651753,город Екатеринбург<br>Район: Кировский район<br>Улица: Комсомольская
7302,641.0,город Екатеринбург,Кировский район,Клары Цеткин,4,56.843254,60.605613,город Екатеринбург<br>Район: Кировский район<br>Улица: Клары Цеткин
7305,641.0,город Екатеринбург,Кировский район,Ул. Тимирязева,11,56.843963,60.638819,город Екатеринбург<br>Район: Кировский район<br>Улица: Ул. Тимирязева
7306,641.0,город Екатеринбург,Кировский район,Район Ново-Свердловской ТЭЦ,,56.5022,60.495,город Екатеринбург<br>Район: Кировский район<br>Улица: Район Ново-Свердловской ТЭЦ
7307,641.0,город Екатеринбург,Кировский район,Ул. Малышева,137Б,56.8423,60.6613,город Екатеринбург<br>Район: Кировский район<br>Улица: Ул. Малышева
7308,641.0,город Екатеринбург,Кировский район,Норильская,78,56.885887,60.681451,город Екатеринбург<br>Район: Кировский район<br>Улица: Норильская
7309,641.0,город Екатеринбург,Кировский район,Блюхера,57,56.856452,60.649126,город Екатеринбург<br>Район: Кировский район<br>Улица: Блюхера
7310,641.0,город Екатеринбург,Кировский район,Территория Ново-Свердловская ТЭЦ,26/2,56.839286,60.851128,город Екатеринбург<br>Район: Кировский район<br>Улица: Территория Ново-Свердловская ТЭЦ
7312,641.0,город Екатеринбург,Кировский район,Высоцкого,28б,56.842236,60.687983,город Екатеринбург<br>Район: Кировский район<br>Улица: Высоцкого
7313,641.0,город Екатеринбург,Кировский район,Блюхера,63,56.85644,60.652838,город Екатеринбург<br>Район: Кировский район<br>Улица: Блюхера
7314,641.0,город Екатеринбург,Кировский район,Комсомольская,2,56.856142,60.653572,город Екатеринбург<br>Район: Кировский район<br>Улица: Комсомольская
7315,641.0,город Екатеринбург,Кировский район,Яхонтовая,1,56.886147,60.729841,город Екатеринбург<br>Район: Кировский район<br>Улица: Яхонтовая
7316,641.0,город Екатеринбург,Кировский район,Царская,10,56.84436,60.608821,город Екатеринбург<br>Район: Кировский район<br>Улица: Царская
7317,641.0,город Екатеринбург,Кировский район,Клары Цеткин,11,56.844714,60.612654,город Екатеринбург<br>Район: Кировский район<br>Улица: Клары Цеткин
7318,641.0,город Екатеринбург,Кировский район,Июльская,20,56.859852,60.643126,город Екатеринбург<br>Район: Кировский район<br>Улица: Июльская
7319,641.0,город Екатеринбург,Кировский район,Отдыха,82,56.861115,60.683136,город Екатеринбург<br>Район: Кировский район<br>Улица: Отдыха
7320,641.0,город Екатеринбург,Кировский район,Отдыха,93,56.852233,60.677524,город Екатеринбург<br>Район: Кировский район<br>Улица: Отдыха
7321,641.0,город Екатеринбург,Кировский район,Пушкина,22,56.840107,60.608095,город Екатеринбург<br>Район: Кировский район<br>Улица: Пушкина
7322,641.0,город Екатеринбург,Кировский район,Сыромолотова,24 А,56.833995,60.686012,город Екатеринбург<br>Район: Кировский район<br>Улица: Сыромолотова
7323,641.0,город Екатеринбург,Кировский район,Мира,22,56.846756,60.648172,город Екатеринбург<br>Район: Кировский район<br>Улица: Мира
7324,641.0,город Екатеринбург,Кировский район,Рассветная,9,56.838459,60.687031,город Екатеринбург<br>Район: Кировский район<br>Улица: Рассветная
7325,641.0,город Екатеринбург,Кировский район,Раевского,9/1,56.856336,60.666098,город Екатеринбург<br>Район: Кировский район<br>Улица: Раевского
7326,641.0,город Екатеринбург,Кировский район,Первомайская,106,56.846805,60.658328,город Екатеринбург<br>Район: Кировский район<br>Улица: Первомайская
7327,641.0,город Екатеринбург,Кировский район,Гагарина,6 А,56.847666,60.642926,город Екатеринбург<br>Район: Кировский район<br>Улица: Гагарина
7328,641.0,город Екатеринбург,Кировский район,Боровая,19,56.861618,60.647121,город Екатеринбург<br>Район: Кировский район<br>Улица: Боровая
7329,641.0,город Екатеринбург,Кировский район,Вилонова,33 А,56.869691,60.638715,город Екатеринбург<br>Район: Кировский район<br>Улица: Вилонова
7330,641.0,город Екатеринбург,Кировский район,Блюхера,88 А,56.856301,60.650089,город Екатеринбург<br>Район: Кировский район<br>Улица: Блюхера
7331,641.0,город Екатеринбург,Кировский район,Карла Либкнехта,23 А,56.841016,60.61006,город Екатеринбург<br>Район: Кировский район<br>Улица: Карла Либкнехта
7333,641.0,город Екатеринбург,Кировский район,Клары Цеткин,1,56.843842,60.605187,город Екатеринбург<br>Район: Кировский район<br>Улица: Клары Цеткин
7334,641.0,город Екатеринбург,Кировский район,Горького,21,56.839774,60.606456,город Екатеринбург<br>Район: Кировский район<br>Улица: Горького
7335,641.0,город Екатеринбург,Кировский район,Блюхера,4,56.845608,60.63409,город Екатеринбург<br>Район: Кировский район<br>Улица: Блюхера
7336,641.0,город Екатеринбург,Кировский район,Переулок Автоматики,3,56.849209,60.663714,город Екатеринбург<br>Район: Кировский район<br>Улица: Переулок Автоматики
7337,641.0,город Екатеринбург,Кировский район,Ленина Проспект,39,56.83941,60.608447,город Екатеринбург<br>Район: Кировский район<br>Улица: Ленина Проспект
7338,641.0,город Екатеринбург,Кировский район,Софьи Ковалевской,4А,56.843888,60.657051,город Екатеринбург<br>Район: Кировский район<br>Улица: Софьи Ковалевской
7339,641.0,город Екатеринбург,Кировский район,Академическая,20,56.851187,60.654365,город Екатеринбург<br>Район: Кировский район<br>Улица: Академическая
7340,641.0,город Екатеринбург,Кировский район,Мамина Сибиряка,58,56.843233,60.616015,город Екатеринбург<br>Район: Кировский район<br>Улица: Мамина Сибиряка
7341,641.0,город Екатеринбург,Кировский район,Софьи Ковалевской,20,56.850816,60.653844,город Екатеринбург<br>Район: Кировский район<br>Улица: Софьи Ковалевской
7342,641.0,город Екатеринбург,Кировский район,Малышева,109а,56.840006,60.642311,город Екатеринбург<br>Район: Кировский район<br>Улица: Малышева
7343,641.0,город Екатеринбург,Кировский район,Сулимова,21,56.860855,60.647718,город Екатеринбург<br>Район: Кировский район<br>Улица: Сулимова
7345,641.0,город Екатеринбург,Кировский район,Комвузовская,9,56.854989,60.664647,город Екатеринбург<br>Район: Кировский район<br>Улица: Комвузовская
7346,641.0,город Екатеринбург,Кировский район,Первомайская-Восточная,,56.84231,60.632814,город Екатеринбург<br>Район: Кировский район<br>Улица: Первомайская-Восточная
7350,641.0,город Екатеринбург,Кировский район,Пионеров,12/4,56.855068,60.628565,город Екатеринбург<br>Район: Кировский район<br>Улица: Пионеров
7351,641.0,город Екатеринбург,Кировский район,Отдыха,1а,56.870974,60.688519,город Екатеринбург<br>Район: Кировский район<br>Улица: Отдыха
7352,641.0,город Екатеринбург,Кировский район,"Центральная, Егоршинский Подход",1,56.85177,60.672148,"город Екатеринбург<br>Район: Кировский район<br>Улица: Центральная, Егоршинский Подход"
7353,641.0,город Екатеринбург,Кировский район,Сиреневый бульвар,12,56.83028,60.681108,город Екатеринбург<br>Район: Кировский район<br>Улица: Сиреневый бульвар
7355,641.0,город Екатеринбург,Кировский район,Советская,25,56.854006,60.634607,город Екатеринбург<br>Район: Кировский район<br>Улица: Советская
7357,641.0,город Екатеринбург,Кировский район,Софьи Ковалевской,16,56.8475,60.6548,город Екатеринбург<br>Район: Кировский район<br>Улица: Софьи Ковалевской
7359,641.0,город Екатеринбург,Кировский район,Краснодарская,17,56.877197,60.677943,город Екатеринбург<br>Район: Кировский район<br>Улица: Краснодарская
7360,641.0,город Екатеринбург,Кировский район,Первомайская,15,56.843094,60.614836,город Екатеринбург<br>Район: Кировский район<br>Улица: Первомайская
7362,641.0,город Екатеринбург,Кировский район,Малышева,123,56.840954,60.653023,город Екатеринбург<br>Район: Кировский район<br>Улица: Малышева
7364,641.0,город Екатеринбург,Кировский район,Комсомольская,50,56.504467,60.392445,город Екатеринбург<br>Район: Кировский район<br>Улица: Комсомольская
7368,641.0,город Екатеринбург,Кировский район,Переулок Асбестовский,4,56.847435,60.632544,город Екатеринбург<br>Район: Кировский район<br>Улица: Переулок Асбестовский
7370,641.0,город Екатеринбург,Кировский район,Блюхера,53а,56.85615,60.647388,город Екатеринбург<br>Район: Кировский район<br>Улица: Блюхера
7372,641.0,город Екатеринбург,Кировский район,Сулимова,26,56.862076,60.644371,город Екатеринбург<br>Район: Кировский район<br>Улица: Сулимова
7380,641.0,город Екатеринбург,Кировский район,Блюхера,11,56.847233,60.633756,город Екатеринбург<br>Район: Кировский район<br>Улица: Блюхера
7382,641.0,город Екатеринбург,Кировский район,Переулок Автоматики,6,56.850101,60.665011,город Екатеринбург<br>Район: Кировский район<br>Улица: Переулок Автоматики
7384,641.0,город Екатеринбург,Кировский район,Малышева,109а,56.840248,60.642841,город Екатеринбург<br>Район: Кировский район<br>Улица: Малышева
7385,641.0,город Екатеринбург,Кировский район,Луначарского,130,56.841031,60.618641,город Екатеринбург<br>Район: Кировский район<br>Улица: Луначарского
7386,641.0,город Екатеринбург,Кировский район,Гагарина,20а,56.840991,60.644667,город Екатеринбург<br>Район: Кировский район<br>Улица: Гагарина
7389,641.0,город Екатеринбург,Кировский район,Вилонова,33,56.867733,60.637618,город Екатеринбург<br>Район: Кировский район<br>Улица: Вилонова
7390,641.0,город Екатеринбург,Кировский район,Блюхера,91,56.863417,60.664872,город Екатеринбург<br>Район: Кировский район<br>Улица: Блюхера
7391,641.0,город Екатеринбург,Кировский район,Трудовая,22,56.887576,60.731737,город Екатеринбург<br>Район: Кировский район<br>Улица: Трудовая
7392,641.0,город Екатеринбург,Кировский район,Трудовая,31,56.887653,60.731775,город Екатеринбург<br>Район: Кировский район<br>Улица: Трудовая
7393,641.0,город Екатеринбург,Кировский район,Комсомольская,69-Б,56.835919,60.662403,город Екатеринбург<br>Район: Кировский район<br>Улица: Комсомольская
7394,641.0,город Екатеринбург,Кировский район,Дублер Сибирского тракта (развязка у концерна Калина),,56.829953,60.676911,город Екатеринбург<br>Район: Кировский район<br>Улица: Дублер Сибирского тракта (развязка у концерна Калина)
7395,641.0,город Екатеринбург,Кировский район,Владимира Высоцкого,49,56.844567,60.701028,город Екатеринбург<br>Район: Кировский район<br>Улица: Владимира Высоцкого
7396,641.0,город Екатеринбург,Кировский район,Территория Ново-Свердловской ТЭЦ,,56.841199,60.864328,город Екатеринбург<br>Район: Кировский район<br>Улица: Территория Ново-Свердловской ТЭЦ
7397,641.0,город Екатеринбург,Кировский район,Флотская,52,56.848896,60.632868,город Екатеринбург<br>Район: Кировский район<br>Улица: Флотская
7398,641.0,город Екатеринбург,Кировский район,Клары Цеткин,11,56.844795,60.613512,город Екатеринбург<br>Район: Кировский район<br>Улица: Клары Цеткин
7400,641.0,город Екатеринбург,Кировский район,Студенческая,1д,56.855762,60.663108,город Екатеринбург<br>Район: Кировский район<br>Улица: Студенческая
7401,641.0,город Екатеринбург,Кировский район,Новосвердловская ТЭЦ промзона,1,56.842322,60.856149,город Екатеринбург<br>Район: Кировский район<br>Улица: Новосвердловская ТЭЦ промзона
7402,641.0,город Екатеринбург,Кировский район,Блюхера,99,56.865704,60.667761,город Екатеринбург<br>Район: Кировский район<br>Улица: Блюхера
7403,641.0,город Екатеринбург,Кировский район,Комсомольская,9,56.855202,60.655905,город Екатеринбург<br>Район: Кировский район<br>Улица: Комсомольская
7405,641.0,город Екатеринбург,Кировский район,Кулибина,2,56.855547,60.656584,город Екатеринбург<br>Район: Кировский район<br>Улица: Кулибина
7418,641.0,город Екатеринбург,Кировский район,Проезжая,173а,56.885148,60.696711,город Екатеринбург<br>Район: Кировский район<br>Улица: Проезжая
7420,641.0,город Екатеринбург,Кировский район,Мурзинская,1б,56.90914,60.716634,город Екатеринбург<br>Район: Кировский район<br>Улица: Мурзинская
7422,641.0,город Екатеринбург,Кировский район,Краснодарская,34,56.876364,60.682882,город Екатеринбург<br>Район: Кировский район<br>Улица: Краснодарская
7424,641.0,город Екатеринбург,Кировский район,Изоплитная,23а,56.86559,60.731197,город Екатеринбург<br>Район: Кировский район<br>Улица: Изоплитная
7426,641.0,город Екатеринбург,Кировский район,Владимира Высоцкого,102,56.834112,60.733919,город Екатеринбург<br>Район: Кировский район<br>Улица: Владимира Высоцкого
7427,641.0,город Екатеринбург,Кировский район,Боровая,25,56.86417,60.645382,город Екатеринбург<br>Район: Кировский район<br>Улица: Боровая
7428,641.0,город Екатеринбург,Кировский район,Сулимова,26,56.861986,60.64494,город Екатеринбург<br>Район: Кировский район<br>Улица: Сулимова
7430,641.0,город Екатеринбург,Кировский район,Первомайская,77,56.846034,60.643116,город Екатеринбург<br>Район: Кировский район<br>Улица: Первомайская
7431,641.0,город Екатеринбург,Кировский район,Боровая,19,56.861742,60.646388,город Екатеринбург<br>Район: Кировский район<br>Улица: Боровая
7433,641.0,город Екатеринбург,Кировский район,Сиреневый бульвар,9,56.832564,60.686429,город Екатеринбург<br>Район: Кировский район<br>Улица: Сиреневый бульвар
7435,641.0,город Екатеринбург,Кировский район,Комсомольская,37,56.846553,60.658021,город Екатеринбург<br>Район: Кировский район<br>Улица: Комсомольская
7436,641.0,город Екатеринбург,Кировский район,Комсомольская,37,56.846553,60.658221,город Екатеринбург<br>Район: Кировский район<br>Улица: Комсомольская
7438,641.0,город Екатеринбург,Кировский район,Проезжая,92,56.873669,60.689256,город Екатеринбург<br>Район: Кировский район<br>Улица: Проезжая
7439,641.0,город Екатеринбург,Кировский район,Мичурина,56,56.503341,60.373899,город Екатеринбург<br>Район: Кировский район<br>Улица: Мичурина
7441,641.0,город Екатеринбург,Кировский район,Малышева,131,56.841747,60.660384,город Екатеринбург<br>Район: Кировский район<br>Улица: Малышева
7442,641.0,город Екатеринбург,Кировский район,Кузнечная,81,56.847242,60.621082,город Екатеринбург<br>Район: Кировский район<br>Улица: Кузнечная
7445,641.0,город Екатеринбург,Кировский район,Кузнечная,79,56.848212,60.620588,город Екатеринбург<br>Район: Кировский район<br>Улица: Кузнечная
7448,641.0,город Екатеринбург,Кировский район,Комсомольская,73,56.833501,60.663842,город Екатеринбург<br>Район: Кировский район<br>Улица: Комсомольская
7450,641.0,город Екатеринбург,Кировский район,Комсомольская,21,56.850047,60.657759,город Екатеринбург<br>Район: Кировский район<br>Улица: Комсомольская
7451,641.0,город Екатеринбург,Кировский район,Владимира Высоцкого,18б,56.840818,60.683452,город Екатеринбург<br>Район: Кировский район<br>Улица: Владимира Высоцкого
7455,641.0,город Екатеринбург,Кировский район,Блюхера,59,56.85656,60.650008,город Екатеринбург<br>Район: Кировский район<br>Улица: Блюхера
7459,641.0,город Екатеринбург,Кировский район,Советская,40,56.854306,60.637926,город Екатеринбург<br>Район: Кировский район<br>Улица: Советская
7463,641.0,город Екатеринбург,Кировский район,Блюхера,39,56.852381,60.640576,город Екатеринбург<br>Район: Кировский район<br>Улица: Блюхера
7465,641.0,город Екатеринбург,Кировский район,Советская,1,56.850245,60.62658,город Екатеринбург<br>Район: Кировский район<br>Улица: Советская
7469,641.0,город Екатеринбург,Кировский район,Луначарского,77,56.848202,60.617893,город Екатеринбург<br>Район: Кировский район<br>Улица: Луначарского
7473,641.0,город Екатеринбург,Кировский район,Ленина,49,56.839873,60.613851,город Екатеринбург<br>Район: Кировский район<br>Улица: Ленина
7475,641.0,город Екатеринбург,Кировский район,Волховская,22,56.871328,60.645186,город Екатеринбург<br>Район: Кировский район<br>Улица: Волховская
7477,641.0,город Екатеринбург,Кировский район,Уральская,58 корп. 2,56.856756,60.62941,город Екатеринбург<br>Район: Кировский район<br>Улица: Уральская
7478,641.0,город Екатеринбург,Кировский район,Малышева,156А,56.840958,60.663629,город Екатеринбург<br>Район: Кировский район<br>Улица: Малышева
7482,641.0,город Екатеринбург,Кировский район,Ирбитская,13,56.862288,60.65599,город Екатеринбург<br>Район: Кировский район<br>Улица: Ирбитская
7486,641.0,город Екатеринбург,Кировский район,Первомайская,63,56.84405,60.630006,город Екатеринбург<br>Район: Кировский район<br>Улица: Первомайская
7490,641.0,город Екатеринбург,Кировский район,Уральская,61,56.856797,60.633164,город Екатеринбург<br>Район: Кировский район<br>Улица: Уральская
7494,641.0,город Екатеринбург,Кировский район,Красина,7,56.861539,60.622633,город Екатеринбург<br>Район: Кировский район<br>Улица: Красина
7498,641.0,город Екатеринбург,Кировский район,Новгородцевой,13Б,56.83325,60.675751,город Екатеринбург<br>Район: Кировский район<br>Улица: Новгородцевой
7502,641.0,город Екатеринбург,Кировский район,Гагарина,28,56.839133,60.646196,город Екатеринбург<br>Район: Кировский район<br>Улица: Гагарина
7506,641.0,город Екатеринбург,Кировский район,Панельная,9,56.833947,60.690399,город Екатеринбург<br>Район: Кировский район<br>Улица: Панельная
7510,641.0,город Екатеринбург,Кировский район,Сулимова,29,56.860844,60.643139,город Екатеринбург<br>Район: Кировский район<br>Улица: Сулимова
7514,641.0,город Екатеринбург,Кировский район,Студенческая,6,56.857013,60.657261,город Екатеринбург<br>Район: Кировский район<br>Улица: Студенческая
7518,641.0,город Екатеринбург,Кировский район,Пионеров,12к2,56.85635,60.628966,город Екатеринбург<br>Район: Кировский район<br>Улица: Пионеров
7522,641.0,город Екатеринбург,Кировский район,Шадринский переулок,14к1,56.85104,60.63581,город Екатеринбург<br>Район: Кировский район<br>Улица: Шадринский переулок
7526,641.0,город Екатеринбург,Кировский район,Студенческая,30,56.849565,60.661418,город Екатеринбург<br>Район: Кировский район<br>Улица: Студенческая
7530,641.0,город Екатеринбург,Кировский район,Мира,41,56.833556,60.659321,город Екатеринбург<br>Район: Кировский район<br>Улица: Мира
7532,641.0,город Екатеринбург,Кировский район,Шарташская,24,56.845622,60.625124,город Екатеринбург<br>Район: Кировский район<br>Улица: Шарташская
7536,641.0,город Екатеринбург,Кировский район,Библиотечная,27,56.833227,60.651467,город Екатеринбург<br>Район: Кировский район<br>Улица: Библиотечная
7538,641.0,город Екатеринбург,Кировский район,Июльская,31 Б,56.85888,60.639108,город Екатеринбург<br>Район: Кировский район<br>Улица: Июльская
7539,641.0,город Екатеринбург,Кировский район,Шоферов,11,56.858508,60.671181,город Екатеринбург<br>Район: Кировский район<br>Улица: Шоферов
7540,641.0,город Екатеринбург,Кировский район,Бетонщиков,5,56.827301,60.693403,город Екатеринбург<br>Район: Кировский район<br>Улица: Бетонщиков
7541,641.0,город Екатеринбург,Кировский район,Ленина,99,56.843412,60.642687,город Екатеринбург<br>Район: Кировский район<br>Улица: Ленина
7542,641.0,город Екатеринбург,Кировский район,40-летия Комсомола,25,56.828049,60.69372,город Екатеринбург<br>Район: Кировский район<br>Улица: 40-летия Комсомола
7545,641.0,город Екатеринбург,Кировский район,Волховская,7,56.869833,60.644917,город Екатеринбург<br>Район: Кировский район<br>Улица: Волховская
7546,641.0,город Екатеринбург,Кировский район,40-лет Комсомола,1Ж,56.84121,60.694641,город Екатеринбург<br>Район: Кировский район<br>Улица: 40-лет Комсомола
7548,641.0,город Екатеринбург,Кировский район,Комсомольская,71А,56.835544,60.664418,город Екатеринбург<br>Район: Кировский район<br>Улица: Комсомольская
7549,641.0,город Екатеринбург,Кировский район,Ленина,99,56.843412,60.642687,город Екатеринбург<br>Район: Кировский район<br>Улица: Ленина
7551,641.0,город Екатеринбург,Кировский район,Блюхера,47,56.854181,60.645437,город Екатеринбург<br>Район: Кировский район<br>Улица: Блюхера
7553,641.0,город Екатеринбург,Кировский район,Проспект Ленина,93,56.84264,60.638408,город Екатеринбург<br>Район: Кировский район<br>Улица: Проспект Ленина
7555,641.0,город Екатеринбург,Кировский район,Луначарского,128,56.842398,60.618693,город Екатеринбург<br>Район: Кировский район<br>Улица: Луначарского
7559,641.0,город Екатеринбург,Кировский район,Яхонтовая,1,56.53143,60.43505,город Екатеринбург<br>Район: Кировский район<br>Улица: Яхонтовая
7560,641.0,город Екатеринбург,Кировский район,Блюхера,63,56.857608,60.652046,город Екатеринбург<br>Район: Кировский район<br>Улица: Блюхера
7561,641.0,город Екатеринбург,Кировский район,Студенческая,1в,56.856314,60.659916,город Екатеринбург<br>Район: Кировский район<br>Улица: Студенческая
7562,641.0,город Екатеринбург,Кировский район,Сиреневый бульвар,15 Б,56.830065,60.687583,город Екатеринбург<br>Район: Кировский район<br>Улица: Сиреневый бульвар
7563,641.0,город Екатеринбург,Кировский район,Сулимова,55,56.861836,60.633411,город Екатеринбург<br>Район: Кировский район<br>Улица: Сулимова
7564,641.0,город Екатеринбург,Кировский район,Советская,25,56.854006,60.634607,город Екатеринбург<br>Район: Кировский район<br>Улица: Советская
7565,641.0,город Екатеринбург,Кировский район,Ленина,41,56.839607,60.610348,город Екатеринбург<br>Район: Кировский район<br>Улица: Ленина
7566,641.0,город Екатеринбург,Кировский район,Бетонщиков,5 корп. 7,56.830766,60.699069,город Екатеринбург<br>Район: Кировский район<br>Улица: Бетонщиков
7567,641.0,город Екатеринбург,Кировский район,Блюхера,6К1,56.8477,60.637154,город Екатеринбург<br>Район: Кировский район<br>Улица: Блюхера
7568,641.0,город Екатеринбург,Кировский район,Блюхера,6С3,56.847648,60.63666,город Екатеринбург<br>Район: Кировский район<br>Улица: Блюхера
7569,641.0,город Екатеринбург,Кировский район,Михайловское кладбище,,56.847453,60.635896,город Екатеринбург<br>Район: Кировский район<br>Улица: Михайловское кладбище
7571,641.0,город Екатеринбург,Кировский район,Михайловское кладбище,,56.847185,60.634958,город Екатеринбург<br>Район: Кировский район<br>Улица: Михайловское кладбище
7573,641.0,город Екатеринбург,Кировский район,Блюхера,32,56.85644,60.652838,город Екатеринбург<br>Район: Кировский район<br>Улица: Блюхера
7574,641.0,город Екатеринбург,Кировский район,Первомайская,11 Литер В,56.842454,60.612876,город Екатеринбург<br>Район: Кировский район<br>Улица: Первомайская
7576,641.0,город Екатеринбург,Кировский район,Вилонова,14а,56.86529,60.642707,город Екатеринбург<br>Район: Кировский район<br>Улица: Вилонова
7577,641.0,город Екатеринбург,Кировский район,Карла Либкнехта,31,56.841447,60.609903,город Екатеринбург<br>Район: Кировский район<br>Улица: Карла Либкнехта
7578,641.0,город Екатеринбург,Кировский район,Карла Либкнехта,23,56.840081,60.610315,город Екатеринбург<br>Район: Кировский район<br>Улица: Карла Либкнехта
7579,641.0,город Екатеринбург,Кировский район,Карла Либкнехта,23,56.839877,60.610395,город Екатеринбург<br>Район: Кировский район<br>Улица: Карла Либкнехта
7580,641.0,город Екатеринбург,Кировский район,Ленина,43,56.839714,60.610281,город Екатеринбург<br>Район: Кировский район<br>Улица: Ленина
7581,641.0,город Екатеринбург,Кировский район,Пролетарская,6,56.842159,60.607663,город Екатеринбург<br>Район: Кировский район<br>Улица: Пролетарская
7582,641.0,город Екатеринбург,Кировский район,Учителей,30А,56.86866,60.634896,город Екатеринбург<br>Район: Кировский район<br>Улица: Учителей
7583,641.0,город Екатеринбург,Кировский район,Учителей,32,56.868953,60.636196,город Екатеринбург<br>Район: Кировский район<br>Улица: Учителей
7584,641.0,город Екатеринбург,Кировский район,Учителей,34,56.869703,60.635131,город Екатеринбург<br>Район: Кировский район<br>Улица: Учителей
7585,641.0,город Екатеринбург,Кировский район,Краснодарская,16 Литер А1,56.873038,60.680759,город Екатеринбург<br>Район: Кировский район<br>Улица: Краснодарская
7586,641.0,город Екатеринбург,Кировский район,Новгородцевой,21,56.831376,60.680386,город Екатеринбург<br>Район: Кировский район<br>Улица: Новгородцевой
7587,641.0,город Екатеринбург,Кировский район,Царская,2,56.842989,60.608739,город Екатеринбург<br>Район: Кировский район<br>Улица: Царская
7588,641.0,город Екатеринбург,Кировский район,Комсомольская,45/12,56.845139,60.660686,город Екатеринбург<br>Район: Кировский район<br>Улица: Комсомольская
7589,641.0,город Екатеринбург,Кировский район,Первомайская,112А,56.846749,60.660516,город Екатеринбург<br>Район: Кировский район<br>Улица: Первомайская
7590,641.0,город Екатеринбург,Кировский район,Мурзинская,2,56.907953,60.717939,город Екатеринбург<br>Район: Кировский район<br>Улица: Мурзинская
7592,641.0,город Екатеринбург,Кировский район,Фабричная,25,56.87694,60.734681,город Екатеринбург<br>Район: Кировский район<br>Улица: Фабричная
7593,641.0,город Екатеринбург,Кировский район,Фабричная,25,56.876645,60.734768,город Екатеринбург<br>Район: Кировский район<br>Улица: Фабричная
7594,641.0,город Екатеринбург,Кировский район,Изоплитная,,56.864031,60.727403,город Екатеринбург<br>Район: Кировский район<br>Улица: Изоплитная
7595,641.0,город Екатеринбург,Кировский район,Изоплитная,,56.864494,60.727232,город Екатеринбург<br>Район: Кировский район<br>Улица: Изоплитная
7596,641.0,город Екатеринбург,Кировский район,Рассветная,6/1,56.836278,60.691528,город Екатеринбург<br>Район: Кировский район<br>Улица: Рассветная
7598,641.0,город Екатеринбург,Кировский район,Сыромолотова,31,56.835573,60.69217,город Екатеринбург<br>Район: Кировский район<br>Улица: Сыромолотова
7599,641.0,город Екатеринбург,Кировский район,Рассветная,5,56.836825,60.689003,город Екатеринбург<br>Район: Кировский район<br>Улица: Рассветная
7601,641.0,город Екатеринбург,Кировский район,Владимира Высоцкого,31,56.84349,60.688684,город Екатеринбург<br>Район: Кировский район<br>Улица: Владимира Высоцкого
7602,641.0,город Екатеринбург,Кировский район,Рассветная,10,56.840026,60.689965,город Екатеринбург<br>Район: Кировский район<br>Улица: Рассветная
7603,641.0,город Екатеринбург,Кировский район,Владимира Высоцкого,4/2,56.841079,60.675003,город Екатеринбург<br>Район: Кировский район<br>Улица: Владимира Высоцкого
7605,641.0,город Екатеринбург,Кировский район,Генеральская,3,56.840569,60.635369,город Екатеринбург<br>Район: Кировский район<br>Улица: Генеральская
7606,641.0,город Екатеринбург,Кировский район,Блюхера,99,56.865699,60.667849,город Екатеринбург<br>Район: Кировский район<br>Улица: Блюхера
7607,641.0,город Екатеринбург,Кировский район,Блюхера,97,56.86447,60.666655,город Екатеринбург<br>Район: Кировский район<br>Улица: Блюхера
7608,641.0,город Екатеринбург,Кировский район,Гагарина,6 А,56.847636,60.643001,город Екатеринбург<br>Район: Кировский район<br>Улица: Гагарина
7609,641.0,город Екатеринбург,Кировский район,40-летия Комсомола,38к1,56.824274,60.701255,город Екатеринбург<br>Район: Кировский район<br>Улица: 40-летия Комсомола
7611,641.0,город Екатеринбург,Кировский район,"Сибирский тракт (дублер), 5-й километр",1к1,56.823536,60.704689,"город Екатеринбург<br>Район: Кировский район<br>Улица: Сибирский тракт (дублер), 5-й километр"
7612,641.0,город Екатеринбург,Кировский район,40-летия Комсомола,38Л,56.824092,60.703051,город Екатеринбург<br>Район: Кировский район<br>Улица: 40-летия Комсомола
7613,641.0,город Екатеринбург,Кировский район,40-летия Комсомола,38М,56.825562,60.706279,город Екатеринбург<br>Район: Кировский район<br>Улица: 40-летия Комсомола
7614,641.0,город Екатеринбург,Кировский район,Владимира Высоцкого,1А,56.848427,60.670008,город Екатеринбург<br>Район: Кировский район<br>Улица: Владимира Высоцкого
7615,641.0,город Екатеринбург,Кировский район,40-летия Комсомола,12А,56.832767,60.692009,город Екатеринбург<br>Район: Кировский район<br>Улица: 40-летия Комсомола
7617,641.0,город Екатеринбург,Кировский район,Сыромолотова,28А,56.834071,60.689429,город Екатеринбург<br>Район: Кировский район<br>Улица: Сыромолотова
7621,641.0,город Екатеринбург,Кировский район,Сиреневый бульвар,12,56.83057,60.681353,город Екатеринбург<br>Район: Кировский район<br>Улица: Сиреневый бульвар
7622,641.0,город Екатеринбург,Кировский район,Новгородцевой,52/1,56.82977,60.679899,город Екатеринбург<br>Район: Кировский район<br>Улица: Новгородцевой
7624,641.0,город Екатеринбург,Кировский район,Новгородцевой,,56.82961,60.679402,город Екатеринбург<br>Район: Кировский район<br>Улица: Новгородцевой
7626,641.0,город Екатеринбург,Кировский район,Новгородцевой,17,56.831638,60.677207,город Екатеринбург<br>Район: Кировский район<br>Улица: Новгородцевой
7628,641.0,город Екатеринбург,Кировский район,Новгородцевой,13Б,56.833028,60.675042,город Екатеринбург<br>Район: Кировский район<br>Улица: Новгородцевой
7630,641.0,город Екатеринбург,Кировский район,Владимира Высоцкого,10,56.838746,60.678179,город Екатеринбург<br>Район: Кировский район<br>Улица: Владимира Высоцкого
7632,641.0,город Екатеринбург,Кировский район,Новгородцевой,3А,56.839063,60.672632,город Екатеринбург<br>Район: Кировский район<br>Улица: Новгородцевой
7634,641.0,город Екатеринбург,Кировский район,Блюхера,58,56.864652,60.671692,город Екатеринбург<br>Район: Кировский район<br>Улица: Блюхера
7635,641.0,город Екатеринбург,Кировский район,Толмачева,23,56.840899,60.608085,город Екатеринбург<br>Район: Кировский район<br>Улица: Толмачева
7637,641.0,город Екатеринбург,Кировский район,Уральская,63 Б,56.856695,60.634717,город Екатеринбург<br>Район: Кировский район<br>Улица: Уральская
7639,641.0,город Екатеринбург,Кировский район,В. Высоцкого,4 Б,56.841481,60.674848,город Екатеринбург<br>Район: Кировский район<br>Улица: В. Высоцкого
7642,641.0,город Екатеринбург,Кировский район,Коминтерна,16,56.837174,60.654399,город Екатеринбург<br>Район: Кировский район<br>Улица: Коминтерна
7644,641.0,город Екатеринбург,Кировский район,Вишневая,35,56.833735,60.645055,город Екатеринбург<br>Район: Кировский район<br>Улица: Вишневая
7645,641.0,город Екатеринбург,Кировский район,Маяковского,2,56.861315,60.615698,город Екатеринбург<br>Район: Кировский район<br>Улица: Маяковского
7646,641.0,город Екатеринбург,Кировский район,Вишневая,18А,56.83246,60.64658,город Екатеринбург<br>Район: Кировский район<br>Улица: Вишневая
7647,641.0,город Екатеринбург,Кировский район,В. Высоцкого,12,56.50292,60.40336,город Екатеринбург<br>Район: Кировский район<br>Улица: В. Высоцкого
7649,641.0,город Екатеринбург,Кировский район,Советская,6А,56.50571,60.37406,город Екатеринбург<br>Район: Кировский район<br>Улица: Советская
7651,641.0,город Екатеринбург,Кировский район,Ирбитская,8,56.863163,60.654607,город Екатеринбург<br>Район: Кировский район<br>Улица: Ирбитская
7653,641.0,город Екатеринбург,Кировский район,Мамина Сибиряка,54,56.843939,60.615227,город Екатеринбург<br>Район: Кировский район<br>Улица: Мамина Сибиряка
7654,641.0,город Екатеринбург,Кировский район,Егоршинский подход,,56.854215,60.672765,город Екатеринбург<br>Район: Кировский район<br>Улица: Егоршинский подход
7655,641.0,город Екатеринбург,Кировский район,Комвузовская,3,56.854397,60.658566,город Екатеринбург<br>Район: Кировский район<br>Улица: Комвузовская
7656,641.0,город Екатеринбург,Кировский район,Малышева,117,56.840583,60.649665,город Екатеринбург<br>Район: Кировский район<br>Улица: Малышева
7658,641.0,город Екатеринбург,Кировский район,Студенческая,29,56.846572,60.663747,город Екатеринбург<br>Район: Кировский район<br>Улица: Студенческая
7659,641.0,город Екатеринбург,Кировский район,Первомайская,92,56.845505,60.651567,город Екатеринбург<br>Район: Кировский район<br>Улица: Первомайская
7660,641.0,город Екатеринбург,Кировский район,Первомайская,70,56.843844,60.636312,город Екатеринбург<br>Район: Кировский район<br>Улица: Первомайская
7661,641.0,город Екатеринбург,Кировский район,Шевченко,48,56.847638,60.611668,город Екатеринбург<br>Район: Кировский район<br>Улица: Шевченко
7662,641.0,город Екатеринбург,Кировский район,Пушкина,25,56.84151,60.607992,город Екатеринбург<br>Район: Кировский район<br>Улица: Пушкина
7663,641.0,город Екатеринбург,Кировский район,Горького,17/б,56.840809,60.605414,город Екатеринбург<br>Район: Кировский район<br>Улица: Горького
7664,641.0,город Екатеринбург,Кировский район,Мира,31,56.837598,60.653507,город Екатеринбург<br>Район: Кировский район<br>Улица: Мира
7667,641.0,город Екатеринбург,Кировский район,Июльская,20,56.860175,60.643547,город Екатеринбург<br>Район: Кировский район<br>Улица: Июльская
7668,641.0,город Екатеринбург,Кировский район,Советская,4,56.84906,60.62957,город Екатеринбург<br>Район: Кировский район<br>Улица: Советская
7669,641.0,город Екатеринбург,Кировский район,Советская,10,56.850212,60.630418,город Екатеринбург<br>Район: Кировский район<br>Улица: Советская
7670,641.0,город Екатеринбург,Кировский район,Новгородцевой,13а,56.834176,60.676736,город Екатеринбург<br>Район: Кировский район<br>Улица: Новгородцевой
7672,641.0,город Екатеринбург,Кировский район,Уральская,76,56.852034,60.637413,город Екатеринбург<br>Район: Кировский район<br>Улица: Уральская
7673,641.0,город Екатеринбург,Кировский район,Советская,18,56.851905,60.634097,город Екатеринбург<br>Район: Кировский район<br>Улица: Советская
7674,641.0,город Екатеринбург,Кировский район,Высоцкого,6б,56.8393,60.673736,город Екатеринбург<br>Район: Кировский район<br>Улица: Высоцкого
7676,641.0,город Екатеринбург,Кировский район,Новгородцевой,13а,56.834224,60.677197,город Екатеринбург<br>Район: Кировский район<br>Улица: Новгородцевой
7678,641.0,город Екатеринбург,Кировский район,Комсомольская,45/12,56.845267,60.662363,город Екатеринбург<br>Район: Кировский район<br>Улица: Комсомольская
7679,641.0,город Екатеринбург,Кировский район,Сыромолотова,31,56.835671,60.691611,город Екатеринбург<br>Район: Кировский район<br>Улица: Сыромолотова
7680,641.0,город Екатеринбург,Кировский район,Советская,2а,56.851668,60.625822,город Екатеринбург<br>Район: Кировский район<br>Улица: Советская
7681,641.0,город Екатеринбург,Кировский район,Советская,7к2,56.85142,60.627818,город Екатеринбург<br>Район: Кировский район<br>Улица: Советская
7682,641.0,город Екатеринбург,Кировский район,Советская,7к5,56.853385,60.626701,город Екатеринбург<br>Район: Кировский район<br>Улица: Советская
7683,641.0,город Екатеринбург,Кировский район,Уральская,54,56.85816,60.627603,город Екатеринбург<br>Район: Кировский район<br>Улица: Уральская
7684,641.0,город Екатеринбург,Кировский район,Уральская,56а,56.857807,60.627775,город Екатеринбург<br>Район: Кировский район<br>Улица: Уральская
7685,641.0,город Екатеринбург,Кировский район,Кондукторская,6,56.856603,60.624716,город Екатеринбург<br>Район: Кировский район<br>Улица: Кондукторская
7688,641.0,город Екатеринбург,Кировский район,Советская,21,56.853391,60.633139,город Екатеринбург<br>Район: Кировский район<br>Улица: Советская
7690,641.0,город Екатеринбург,Кировский район,Советская,13к2,56.852515,60.630446,город Екатеринбург<br>Район: Кировский район<br>Улица: Советская
7691,641.0,город Екатеринбург,Кировский район,Маяковского,3,56.862494,60.617371,город Екатеринбург<br>Район: Кировский район<br>Улица: Маяковского
7692,641.0,город Екатеринбург,Кировский район,Уральская,8,56.86186,60.622766,город Екатеринбург<br>Район: Кировский район<br>Улица: Уральская
7693,641.0,город Екатеринбург,Кировский район,Уральская,55,56.859428,60.630427,город Екатеринбург<br>Район: Кировский район<br>Улица: Уральская
7694,641.0,город Екатеринбург,Кировский район,Уральская,25,56.860427,60.627203,город Екатеринбург<br>Район: Кировский район<br>Улица: Уральская
7695,641.0,город Екатеринбург,Кировский район,Советская,58,56.856942,60.645219,город Екатеринбург<br>Район: Кировский район<br>Улица: Советская
7696,641.0,город Екатеринбург,Кировский район,Высоцкого,12б,56.841384,60.677183,город Екатеринбург<br>Район: Кировский район<br>Улица: Высоцкого
7697,641.0,город Екатеринбург,Кировский район,Академическая,11а,56.851775,60.648598,город Екатеринбург<br>Район: Кировский район<br>Улица: Академическая
7698,641.0,город Екатеринбург,Кировский район,Академическая,19а,56.85184,60.650915,город Екатеринбург<br>Район: Кировский район<br>Улица: Академическая
7699,641.0,город Екатеринбург,Кировский район,Академическая,23,56.85202,60.654211,город Екатеринбург<br>Район: Кировский район<br>Улица: Академическая
7700,641.0,город Екатеринбург,Кировский район,Первомайская,69,56.845017,60.634744,город Екатеринбург<br>Район: Кировский район<br>Улица: Первомайская
7701,641.0,город Екатеринбург,Кировский район,Первомайская,79,56.846091,60.643449,город Екатеринбург<br>Район: Кировский район<br>Улица: Первомайская
7702,641.0,город Екатеринбург,Кировский район,Новгородцевой,31а,56.828027,60.684053,город Екатеринбург<br>Район: Кировский район<br>Улица: Новгородцевой
7703,641.0,город Екатеринбург,Кировский район,Первомайская,63,56.844665,60.630026,город Екатеринбург<br>Район: Кировский район<br>Улица: Первомайская
7704,641.0,город Екатеринбург,Кировский район,Шарташская,9к2,56.846462,60.618997,город Екатеринбург<br>Район: Кировский район<br>Улица: Шарташская
7705,641.0,город Екатеринбург,Кировский район,Бажова,75,56.844363,60.625294,город Екатеринбург<br>Район: Кировский район<br>Улица: Бажова
7706,641.0,город Екатеринбург,Кировский район,Рассветная,7,56.837147,60.685977,город Екатеринбург<br>Район: Кировский район<br>Улица: Рассветная
7708,641.0,город Екатеринбург,Кировский район,Шарташская,10,56.844651,60.620299,город Екатеринбург<br>Район: Кировский район<br>Улица: Шарташская
7709,641.0,город Екатеринбург,Кировский район,Данилы Зверева,7,56.858782,60.652891,город Екатеринбург<br>Район: Кировский район<br>Улица: Данилы Зверева
7710,641.0,город Екатеринбург,Кировский район,Уральская,65,56.855751,60.636252,город Екатеринбург<br>Район: Кировский район<br>Улица: Уральская
7711,641.0,город Екатеринбург,Кировский район,Библиотечная,45,56.83277,60.660918,город Екатеринбург<br>Район: Кировский район<br>Улица: Библиотечная
7712,641.0,город Екатеринбург,Кировский район,Советская,52,56.855209,60.641228,город Екатеринбург<br>Район: Кировский район<br>Улица: Советская
7713,641.0,город Екатеринбург,Кировский район,Первомайская,1/15,56.841886,60.606149,город Екатеринбург<br>Район: Кировский район<br>Улица: Первомайская
7714,641.0,город Екатеринбург,Кировский район,Малышева,160,56.841362,60.664878,город Екатеринбург<br>Район: Кировский район<br>Улица: Малышева
7715,641.0,город Екатеринбург,Кировский район,Малышева,128,56.838886,60.648085,город Екатеринбург<br>Район: Кировский район<br>Улица: Малышева
7716,641.0,город Екатеринбург,Кировский район,Карла Либкнехта,23,56.839571,60.609784,город Екатеринбург<br>Район: Кировский район<br>Улица: Карла Либкнехта
7717,641.0,город Екатеринбург,Кировский район,Карла Либкнехта,23,56.83991,60.609952,город Екатеринбург<br>Район: Кировский район<br>Улица: Карла Либкнехта
7718,641.0,город Екатеринбург,Кировский район,Толмачева,18,56.84005,60.609796,город Екатеринбург<br>Район: Кировский район<br>Улица: Толмачева
7719,641.0,город Екатеринбург,Кировский район,Карла Либкнехта,33,56.841564,60.609936,город Екатеринбург<br>Район: Кировский район<br>Улица: Карла Либкнехта
7720,641.0,город Екатеринбург,Кировский район,Толмачева,21,56.84013,60.60852,город Екатеринбург<br>Район: Кировский район<br>Улица: Толмачева
7722,641.0,город Екатеринбург,Кировский район,Толмачева,39,56.839513,60.608753,город Екатеринбург<br>Район: Кировский район<br>Улица: Толмачева
7723,641.0,город Екатеринбург,Кировский район,Пушкина,24,56.840861,60.608163,город Екатеринбург<br>Район: Кировский район<br>Улица: Пушкина
7725,641.0,город Екатеринбург,Кировский район,Карла Либкнехта,43а,56.843368,60.609097,город Екатеринбург<br>Район: Кировский район<br>Улица: Карла Либкнехта
7726,641.0,город Екатеринбург,Кировский район,Толмачёва,30,56.842337,60.608548,город Екатеринбург<br>Район: Кировский район<br>Улица: Толмачёва
7727,641.0,город Екатеринбург,Кировский район,Первомайская,22,56.841732,60.612678,город Екатеринбург<br>Район: Кировский район<br>Улица: Первомайская
7729,641.0,город Екатеринбург,Кировский район,Пушкина,28,56.841125,60.607969,город Екатеринбург<br>Район: Кировский район<br>Улица: Пушкина
7730,641.0,город Екатеринбург,Кировский район,Карла Либкнехта,44к9,56.846277,60.610555,город Екатеринбург<br>Район: Кировский район<br>Улица: Карла Либкнехта
7731,641.0,город Екатеринбург,Кировский район,Советская,41,56.856243,60.639475,город Екатеринбург<br>Район: Кировский район<br>Улица: Советская
7732,641.0,город Екатеринбург,Кировский район,Мира,34,56.839271,60.650498,город Екатеринбург<br>Район: Кировский район<br>Улица: Мира
7733,641.0,город Екатеринбург,Кировский район,Панельная,9а,56.834007,60.690734,город Екатеринбург<br>Район: Кировский район<br>Улица: Панельная
7736,641.0,город Екатеринбург,Кировский район,Сыромолотова,16,56.836162,60.676265,город Екатеринбург<br>Район: Кировский район<br>Улица: Сыромолотова
7738,641.0,город Екатеринбург,Кировский район,Панельная,13,56.833001,60.690809,город Екатеринбург<br>Район: Кировский район<br>Улица: Панельная
7741,641.0,город Екатеринбург,Кировский район,Сиреневый бульвар,21,56.829074,60.683599,город Екатеринбург<br>Район: Кировский район<br>Улица: Сиреневый бульвар
7743,641.0,город Екатеринбург,Кировский район,Сиреневый бульвар,19,56.829556,60.685681,город Екатеринбург<br>Район: Кировский район<br>Улица: Сиреневый бульвар
7745,641.0,город Екатеринбург,Кировский район,Сиреневый бульвар,4к1,56.83358,60.682956,город Екатеринбург<br>Район: Кировский район<br>Улица: Сиреневый бульвар
7747,641.0,город ,Кировский район,Боровая,24,56.863035,60.650246,город <br>Район: Кировский район<br>Улица: Боровая
7748,641.0,город Екатеринбург,Кировский район,Высоцкого,30,56.84114,60.690061,город Екатеринбург<br>Район: Кировский район<br>Улица: Высоцкого
7750,641.0,город Екатеринбург,Кировский район,Сиреневый бульвар,8,56.830733,60.681582,город Екатеринбург<br>Район: Кировский район<br>Улица: Сиреневый бульвар
7751,641.0,город Екатеринбург,Кировский район,Новгородцевой,7,56.836116,60.672587,город Екатеринбург<br>Район: Кировский район<br>Улица: Новгородцевой
7753,641.0,город Екатеринбург,Кировский район,Сыромолотова,25,56.835713,60.687947,город Екатеринбург<br>Район: Кировский район<br>Улица: Сыромолотова
7755,641.0,город Екатеринбург,Кировский район,Новгородцевой,17,56.832438,60.678057,город Екатеринбург<br>Район: Кировский район<br>Улица: Новгородцевой
7757,641.0,город Екатеринбург,Кировский район,Новгородцевой,3,56.838597,60.672282,город Екатеринбург<br>Район: Кировский район<br>Улица: Новгородцевой
7758,641.0,город Екатеринбург,Кировский район,Рассветная,5,56.837269,60.68828,город Екатеринбург<br>Район: Кировский район<br>Улица: Рассветная
7760,641.0,город Екатеринбург,Кировский район,Рассветная,13,56.839991,60.688967,город Екатеринбург<br>Район: Кировский район<br>Улица: Рассветная
7762,641.0,город Екатеринбург,Кировский район,Высоцкого,40,56.841486,60.690826,город Екатеринбург<br>Район: Кировский район<br>Улица: Высоцкого
7764,641.0,город Екатеринбург,Кировский район,Сиреневый бульвар,14,56.830004,60.68239,город Екатеринбург<br>Район: Кировский район<br>Улица: Сиреневый бульвар
7765,641.0,город Екатеринбург,Кировский район,Новгородцевой,11,56.833558,60.673333,город Екатеринбург<br>Район: Кировский район<br>Улица: Новгородцевой
7767,641.0,город Екатеринбург,Кировский район,Новгородцевой,41,56.82694,60.69039,город Екатеринбург<br>Район: Кировский район<br>Улица: Новгородцевой
7769,641.0,город Екатеринбург,Кировский район,Новгородцевой,11б,56.832691,60.673407,город Екатеринбург<br>Район: Кировский район<br>Улица: Новгородцевой
7771,641.0,город Екатеринбург,Кировский район,Сыромолотова,26к2,56.833526,60.687466,город Екатеринбург<br>Район: Кировский район<br>Улица: Сыромолотова
7773,641.0,город Екатеринбург,Кировский район,Данилы Зверева,28,56.869369,60.653916,город Екатеринбург<br>Район: Кировский район<br>Улица: Данилы Зверева
7775,641.0,город Екатеринбург,Кировский район,Владивостокская,7,56.866224,60.660322,город Екатеринбург<br>Район: Кировский район<br>Улица: Владивостокская
7776,641.0,город Екатеринбург,Кировский район,Александровская,2,56.868591,60.655122,город Екатеринбург<br>Район: Кировский район<br>Улица: Александровская
7777,641.0,город Екатеринбург,Кировский район,Сыромолотова,14а,56.835974,60.678367,город Екатеринбург<br>Район: Кировский район<br>Улица: Сыромолотова
7779,641.0,город Екатеринбург,Кировский район,Сыромолотова,14,56.837209,60.677852,город Екатеринбург<br>Район: Кировский район<br>Улица: Сыромолотова
7781,641.0,город Екатеринбург,Кировский район,Высоцкого,10,56.840091,60.676157,город Екатеринбург<br>Район: Кировский район<br>Улица: Высоцкого
7783,641.0,город Екатеринбург,Кировский район,Проезжая,98,56.874352,60.690092,город Екатеринбург<br>Район: Кировский район<br>Улица: Проезжая
7785,641.0,город Екатеринбург,Кировский район,Высоцкого,11,56.842516,60.675972,город Екатеринбург<br>Район: Кировский район<br>Улица: Высоцкого
7786,641.0,город Екатеринбург,Кировский район,Высоцкого,51,56.84476,60.7005,город Екатеринбург<br>Район: Кировский район<br>Улица: Высоцкого
7788,641.0,город Екатеринбург,Кировский район,Высоцкого,29,56.843449,60.687418,город Екатеринбург<br>Район: Кировский район<br>Улица: Высоцкого
7789,641.0,город Екатеринбург,Кировский район,Высоцкого,31,56.843538,60.68847,город Екатеринбург<br>Район: Кировский район<br>Улица: Высоцкого
7790,641.0,город Екатеринбург,Кировский район,Пески,28,56.848728,60.71443,город Екатеринбург<br>Район: Кировский район<br>Улица: Пески
7791,641.0,город Екатеринбург,Кировский район,Пески,26,56.848301,60.711807,город Екатеринбург<br>Район: Кировский район<br>Улица: Пески
7792,641.0,город Екатеринбург,Кировский район,Пески,,56.848134,60.710237,город Екатеринбург<br>Район: Кировский район<br>Улица: Пески
7793,641.0,город Екатеринбург,Кировский район,Пески,11Б,56.846486,60.705131,город Екатеринбург<br>Район: Кировский район<br>Улица: Пески
7794,641.0,город Екатеринбург,Кировский район,Приисковая,11,56.877664,60.693675,город Екатеринбург<br>Район: Кировский район<br>Улица: Приисковая
7795,641.0,город Екатеринбург,Кировский район,Сыромолотова,17,56.836239,60.683402,город Екатеринбург<br>Район: Кировский район<br>Улица: Сыромолотова
7797,641.0,город Екатеринбург,Кировский район,Сыромолотова,21а,56.837627,60.684196,город Екатеринбург<br>Район: Кировский район<br>Улица: Сыромолотова
7799,641.0,город Екатеринбург,Кировский район,Искровцев,10,56.875722,60.689293,город Екатеринбург<br>Район: Кировский район<br>Улица: Искровцев
7800,641.0,город Екатеринбург,Кировский район,Малышева,129,56.842037,60.660181,город Екатеринбург<br>Район: Кировский район<br>Улица: Малышева
7801,641.0,город Екатеринбург,Кировский район,Мамина-Сибиряка,97,56.845928,60.616994,город Екатеринбург<br>Район: Кировский район<br>Улица: Мамина-Сибиряка
7804,641.0,город Екатеринбург,Кировский район,Курьинский переулок,3,56.846041,60.659224,город Екатеринбург<br>Район: Кировский район<br>Улица: Курьинский переулок
7806,641.0,город Екатеринбург,Кировский район,Луначаркого,130,56.841031,60.618641,город Екатеринбург<br>Район: Кировский район<br>Улица: Луначаркого
7808,641.0,город Екатеринбург,Кировский район,Мамина Сибиряка,70,56.841344,60.616056,город Екатеринбург<br>Район: Кировский район<br>Улица: Мамина Сибиряка
7809,641.0,город Екатеринбург,Кировский район,Гагарина,18А,56.841888,60.644134,город Екатеринбург<br>Район: Кировский район<br>Улица: Гагарина
7810,641.0,город Екатеринбург,Кировский район,Первомайская,80,56.844834,60.642582,город Екатеринбург<br>Район: Кировский район<br>Улица: Первомайская
7811,641.0,город Екатеринбург,Кировский район,Бережная,16,56.904938,60.71775,город Екатеринбург<br>Район: Кировский район<br>Улица: Бережная
7812,641.0,город Екатеринбург,Кировский район,Мурзинская,28,56.904898,60.721621,город Екатеринбург<br>Район: Кировский район<br>Улица: Мурзинская
7813,641.0,город Екатеринбург,Кировский район,Мурзинская,26,56.905512,60.722895,город Екатеринбург<br>Район: Кировский район<br>Улица: Мурзинская
7814,641.0,город Екатеринбург,Кировский район,Мурзинская,8,56.908299,60.719968,город Екатеринбург<br>Район: Кировский район<br>Улица: Мурзинская
7815,641.0,город Екатеринбург,Кировский район,Фабричная,44,56.878136,60.736354,город Екатеринбург<br>Район: Кировский район<br>Улица: Фабричная
7816,641.0,город Екатеринбург,Кировский район,Изоплитная,6,56.868811,60.734143,город Екатеринбург<br>Район: Кировский район<br>Улица: Изоплитная
7817,641.0,город Екатеринбург,Кировский район,Изоплитная,9,56.868509,60.736541,город Екатеринбург<br>Район: Кировский район<br>Улица: Изоплитная
7818,641.0,город Екатеринбург,Кировский район,Фабричная,13,56.874299,60.733521,город Екатеринбург<br>Район: Кировский район<br>Улица: Фабричная
7820,641.0,город Екатеринбург,Кировский район,Фабричная,19,56.875539,60.734235,город Екатеринбург<br>Район: Кировский район<br>Улица: Фабричная
7821,641.0,город Екатеринбург,Кировский район,Фабричная,23,56.876248,60.734229,город Екатеринбург<br>Район: Кировский район<br>Улица: Фабричная
7822,641.0,город Екатеринбург,Кировский район,Фабричная,21,56.87598,60.734063,город Екатеринбург<br>Район: Кировский район<br>Улица: Фабричная
7824,641.0,город Екатеринбург,Кировский район,Курьинский переулок,10А,56.844901,60.661183,город Екатеринбург<br>Район: Кировский район<br>Улица: Курьинский переулок
7826,641.0,город Екатеринбург,Кировский район,Генеральская,6,56.840125,60.637473,город Екатеринбург<br>Район: Кировский район<br>Улица: Генеральская
7827,641.0,город Екатеринбург,Кировский район,Первомайская,76,56.843927,60.640274,город Екатеринбург<br>Район: Кировский район<br>Улица: Первомайская
7829,641.0,город Екатеринбург,Кировский район,Чебышева,4,56.840284,60.634608,город Екатеринбург<br>Район: Кировский район<br>Улица: Чебышева
7830,641.0,город Екатеринбург,Кировский район,Чебышева,6,56.840507,60.634436,город Екатеринбург<br>Район: Кировский район<br>Улица: Чебышева
7831,641.0,город Екатеринбург,Кировский район,Искровцев,25,56.876501,60.683082,город Екатеринбург<br>Район: Кировский район<br>Улица: Искровцев
7833,641.0,город Екатеринбург,Кировский район,Норильская,60,56.882464,60.691095,город Екатеринбург<br>Район: Кировский район<br>Улица: Норильская
7834,641.0,город Екатеринбург,Кировский район,40 летия Комсомола,31,56.830773,60.695335,город Екатеринбург<br>Район: Кировский район<br>Улица: 40 летия Комсомола
7836,641.0,город Екатеринбург,Кировский район,Сиреневый бульвар,11,56.831114,60.686762,город Екатеринбург<br>Район: Кировский район<br>Улица: Сиреневый бульвар
7838,641.0,город Екатеринбург,Кировский район,40 лет ВЛКСМ,29,56.833265,60.69525,город Екатеринбург<br>Район: Кировский район<br>Улица: 40 лет ВЛКСМ
7840,641.0,город Екатеринбург,Кировский район,Проезжая,167,56.882914,60.694702,город Екатеринбург<br>Район: Кировский район<br>Улица: Проезжая
7841,641.0,город Екатеринбург,Кировский район,Проезжая,173,56.883368,60.695341,город Екатеринбург<br>Район: Кировский район<br>Улица: Проезжая
7842,641.0,город Екатеринбург,Кировский район,Академическая,30,56.851525,60.659155,город Екатеринбург<br>Район: Кировский район<br>Улица: Академическая
7843,641.0,город Екатеринбург,Кировский район,Студенческая,15,56.849468,60.662689,город Екатеринбург<br>Район: Кировский район<br>Улица: Студенческая
7845,641.0,город Екатеринбург,Кировский район,Новгородцевой,35,56.827541,60.68757,город Екатеринбург<br>Район: Кировский район<br>Улица: Новгородцевой
7847,641.0,город Екатеринбург,Кировский район,Новгородцевой,13,56.833824,60.674257,город Екатеринбург<br>Район: Кировский район<br>Улица: Новгородцевой
7849,641.0,город Екатеринбург,Кировский район,Сыромолотова,20,56.833774,60.678945,город Екатеринбург<br>Район: Кировский район<br>Улица: Сыромолотова
7851,641.0,город Екатеринбург,Кировский район,Сыромолотова,7,56.839426,60.680888,город Екатеринбург<br>Район: Кировский район<br>Улица: Сыромолотова
7853,641.0,город Екатеринбург,Кировский район,В.Высоцкого,6,56.839076,60.677158,город Екатеринбург<br>Район: Кировский район<br>Улица: В.Высоцкого
7854,641.0,город Екатеринбург,Кировский район,Высоцкого,2а,56.839886,60.671343,город Екатеринбург<br>Район: Кировский район<br>Улица: Высоцкого
7856,641.0,город Екатеринбург,Кировский район,Уральская,59,56.857394,60.633261,город Екатеринбург<br>Район: Кировский район<br>Улица: Уральская
7857,641.0,город Екатеринбург,Кировский район,Высоцкого,12,56.841257,60.675421,город Екатеринбург<br>Район: Кировский район<br>Улица: Высоцкого
7858,641.0,город Екатеринбург,Кировский район,Мурзинская,27А,56.905459,60.724238,город Екатеринбург<br>Район: Кировский район<br>Улица: Мурзинская
7859,641.0,город Екатеринбург,Кировский район,Уральская,61А,56.856227,60.634437,город Екатеринбург<br>Район: Кировский район<br>Улица: Уральская
7861,641.0,город Екатеринбург,Кировский район,Первомайская,77,56.84663,60.641247,город Екатеринбург<br>Район: Кировский район<br>Улица: Первомайская
7869,641.0,город Екатеринбург,Кировский район,Егоршинский Подход,,56.850145,60.6744,город Екатеринбург<br>Район: Кировский район<br>Улица: Егоршинский Подход
7870,641.0,город Екатеринбург,Кировский район,Первомайская,101В,56.848787,60.659977,город Екатеринбург<br>Район: Кировский район<br>Улица: Первомайская
7871,641.0,город Екатеринбург,Кировский район,40-летия Комсомола,20,56.829348,60.691735,город Екатеринбург<br>Район: Кировский район<br>Улица: 40-летия Комсомола
7874,641.0,город Екатеринбург,Кировский район,Новгородцевой,19/2,56.831088,60.679726,город Екатеринбург<br>Район: Кировский район<br>Улица: Новгородцевой
7876,641.0,город Екатеринбург,Кировский район,Первомайская,98,56.846272,60.654455,город Екатеринбург<br>Район: Кировский район<br>Улица: Первомайская
7877,641.0,город Екатеринбург,Кировский район,Сиреневый б,7,56.830885,60.684457,город Екатеринбург<br>Район: Кировский район<br>Улица: Сиреневый б
7879,641.0,город Екатеринбург,Кировский район,40 лет ВЛКСМ,10А,56.833864,60.692909,город Екатеринбург<br>Район: Кировский район<br>Улица: 40 лет ВЛКСМ
7880,641.0,город Екатеринбург,Кировский район,40 лет ВЛКСМ,3 а,56.836144,60.695623,город Екатеринбург<br>Район: Кировский район<br>Улица: 40 лет ВЛКСМ
7881,641.0,город Екатеринбург,Кировский район,Ул. Гагарина,22,56.840335,60.644894,город Екатеринбург<br>Район: Кировский район<br>Улица: Ул. Гагарина
7882,641.0,город Екатеринбург,Кировский район,Рыбная,61,56.86566,60.681996,город Екатеринбург<br>Район: Кировский район<br>Улица: Рыбная
7883,641.0,город Екатеринбург,Кировский район,Пегагогическая,8а,56.834213,60.650796,город Екатеринбург<br>Район: Кировский район<br>Улица: Пегагогическая
7884,641.0,город Екатеринбург,Кировский район,Бажова,79,56.50346,60.372654,город Екатеринбург<br>Район: Кировский район<br>Улица: Бажова
7885,641.0,город Екатеринбург,Кировский район,Отдыха,85,56.857027,60.678391,город Екатеринбург<br>Район: Кировский район<br>Улица: Отдыха
7886,641.0,город Екатеринбург,Кировский район,Данилы Зверева,31 литер И2,56.870775,60.649638,город Екатеринбург<br>Район: Кировский район<br>Улица: Данилы Зверева
7887,641.0,город Екатеринбург,Кировский район,Сиреневый бульвар,4/4,56.833332,60.68178,город Екатеринбург<br>Район: Кировский район<br>Улица: Сиреневый бульвар
7889,641.0,город Екатеринбург,Кировский район,Боровая,23,56.863599,60.647281,город Екатеринбург<br>Район: Кировский район<br>Улица: Боровая
7891,641.0,город Екатеринбург,Кировский район,Владимира Высоцкого,1,56.844112,60.66999,город Екатеринбург<br>Район: Кировский район<br>Улица: Владимира Высоцкого
7892,641.0,город Екатеринбург,Кировский район,Гагарина,6 Б,56.847289,60.642781,город Екатеринбург<br>Район: Кировский район<br>Улица: Гагарина
7894,641.0,город Екатеринбург,Кировский район,Софьи Ковалевской,20 литер О,56.849823,60.6543,город Екатеринбург<br>Район: Кировский район<br>Улица: Софьи Ковалевской
7896,641.0,город Екатеринбург,Кировский район,Сулимова,33а,56.860916,60.641256,город Екатеринбург<br>Район: Кировский район<br>Улица: Сулимова
7897,641.0,город Екатеринбург,Кировский район,Комсомольская,72а,56.830823,60.660303,город Екатеринбург<br>Район: Кировский район<br>Улица: Комсомольская
7898,641.0,город Екатеринбург,Кировский район,Студенческая,16,56.85278,60.660211,город Екатеринбург<br>Район: Кировский район<br>Улица: Студенческая
7899,641.0,город Екатеринбург,Кировский район,Сиреневый бульвар,4/2,56.832703,60.683437,город Екатеринбург<br>Район: Кировский район<br>Улица: Сиреневый бульвар
7900,641.0,город Екатеринбург,Кировский район,Мамина-Сибиряка,52,56.504166,60.365286,город Екатеринбург<br>Район: Кировский район<br>Улица: Мамина-Сибиряка
7901,641.0,город Екатеринбург,Кировский район,Ленина,103,56.503893,60.384706,город Екатеринбург<br>Район: Кировский район<br>Улица: Ленина
7902,641.0,город Екатеринбург,Кировский район,Уральская,27,56.860498,60.628003,город Екатеринбург<br>Район: Кировский район<br>Улица: Уральская
7904,641.0,город Екатеринбург,Кировский район,Советская,21,56.853818,60.633102,город Екатеринбург<br>Район: Кировский район<br>Улица: Советская
7905,641.0,город Екатеринбург,Кировский район,Садовое Некоммерческое Товарищество Жулановское,СНТ 24 (БЗСК),56.871063,60.75702,город Екатеринбург<br>Район: Кировский район<br>Улица: Садовое Некоммерческое Товарищество Жулановское
7907,641.0,город Екатеринбург,Кировский район,Вишневая,30а,56.8313,60.651903,город Екатеринбург<br>Район: Кировский район<br>Улица: Вишневая
7909,641.0,город Екатеринбург,Кировский район,Сулимова,46,56.862632,60.634081,город Екатеринбург<br>Район: Кировский район<br>Улица: Сулимова
7910,641.0,город Екатеринбург,Кировский район,Тургенева,13,56.841729,60.613464,город Екатеринбург<br>Район: Кировский район<br>Улица: Тургенева
7912,641.0,город Екатеринбург,Кировский район,40-летия Комсомола,45,56.828489,60.703098,город Екатеринбург<br>Район: Кировский район<br>Улица: 40-летия Комсомола
7913,641.0,город Екатеринбург,Кировский район,Первомайская,71Б к 1,56.84554,60.636996,город Екатеринбург<br>Район: Кировский район<br>Улица: Первомайская
7914,641.0,город Екатеринбург,Кировский район,В 2-х км на восток от пересечения ЕКАД и Высоцкого,,56.5024,60.5014,город Екатеринбург<br>Район: Кировский район<br>Улица: В 2-х км на восток от пересечения ЕКАД и Высоцкого
7915,641.0,город Екатеринбург,Кировский район,В 2-х км на восток от пересечения ЕКАД и Высоцкого,,56.5022,60.502,город Екатеринбург<br>Район: Кировский район<br>Улица: В 2-х км на восток от пересечения ЕКАД и Высоцкого
7916,641.0,город Екатеринбург,Кировский район,Вилонова,6,56.865723,60.637484,город Екатеринбург<br>Район: Кировский район<br>Улица: Вилонова
7917,641.0,город Екатеринбург,Кировский район,Переулок Шалинский,4,56.861645,60.633488,город Екатеринбург<br>Район: Кировский район<br>Улица: Переулок Шалинский
7918,641.0,город Екатеринбург,Кировский район,Уральская,78,56.851747,60.637362,город Екатеринбург<br>Район: Кировский район<br>Улица: Уральская
7920,641.0,город Екатеринбург,Кировский район,Проезжая,263а,56.884134,60.71245,город Екатеринбург<br>Район: Кировский район<br>Улица: Проезжая
7921,641.0,город Екатеринбург,Кировский район,Данилы Зверева (заезд с Бехтерева),17а,56.863617,60.591979,город Екатеринбург<br>Район: Кировский район<br>Улица: Данилы Зверева (заезд с Бехтерева)
7923,641.0,город Екатеринбург,Кировский район,Новгородцевой,17-Б,56.831596,60.677796,город Екатеринбург<br>Район: Кировский район<br>Улица: Новгородцевой
7924,641.0,город Екатеринбург,Кировский район,Сиреневый бульвар,16,56.830003,60.682048,город Екатеринбург<br>Район: Кировский район<br>Улица: Сиреневый бульвар
7926,641.0,город Екатеринбург,Кировский район,"Урочище ""Шпаньковка"" СНТ ""Уралец""",,56.845361,60.808548,"город Екатеринбург<br>Район: Кировский район<br>Улица: Урочище ""Шпаньковка"" СНТ ""Уралец"""
7928,641.0,город Екатеринбург,Кировский район,Вилонова,39,56.86644,60.6476,город Екатеринбург<br>Район: Кировский район<br>Улица: Вилонова
7929,641.0,город Екатеринбург,Кировский район,Уральская,60,56.857,60.63,город Екатеринбург<br>Район: Кировский район<br>Улица: Уральская
7933,641.0,город Екатеринбург,Кировский район,Ленина,68А,56.841948,60.643395,город Екатеринбург<br>Район: Кировский район<br>Улица: Ленина
7934,641.0,город Екатеринбург,Кировский район,Гагарина,20,56.840932,60.645005,город Екатеринбург<br>Район: Кировский район<br>Улица: Гагарина
7935,641.0,город Екатеринбург,Кировский район,Малышева,109А,56.840248,60.642841,город Екатеринбург<br>Район: Кировский район<br>Улица: Малышева
7936,641.0,город Екатеринбург,Кировский район,Блюхера,57,56.856495,60.649083,город Екатеринбург<br>Район: Кировский район<br>Улица: Блюхера
7937,641.0,город Екатеринбург,Кировский район,Блюхера,67/2,56.85888,60.654416,город Екатеринбург<br>Район: Кировский район<br>Улица: Блюхера
